{"F;ARTIFICIAL-END":0.45248803944435734,"C;t1":0.356453228068797,"J;t1":0.5655316540635278,"ARTIFICIAL-END;ARTIFICIAL-END":0.927270157150367,"D;ARTIFICIAL-START":0.7398529743484552,"F;t1":0.5266226110335088,"ARTIFICIAL-END;ARTIFICIAL-START":0.051133865972681075,"Label A;Label B":0.0749644300236941,"C;ARTIFICIAL-START":0.041763837458107994,"t1;t1":0.919264176201957,"B;A":0.5796153240621065,"B;t1":0.4129120762767152,"B;B":0.8652704269819385,"F;ARTIFICIAL-START":0.08931495415817126,"B;C":0.5722844070713528,"ARTIFICIAL-END;D":0.3086976583896278,"B;D":0.3380032041498676,"D;A":0.03410055279013549,"B;E":0.4430892427795958,"D;D":0.6955879753246778,"B;F":0.2614255535468286,"D;C":0.928461228678984,"H;B":0.1707810352378741,"B;G":0.28064436306084717,"D;F":0.344076565979786,"H;A":0.04034323289017119,"D;E":0.1922668698500034,"ARTIFICIAL-END;G":0.005166851041481707,"H;D":0.4157335812446772,"B;I":0.3609164708467545,"F;F":0.8332127123738382,"G;t1":0.676377887235828,"H;C":0.2478664465083989,"D;G":1.8660665448763658E-4,"F;E":0.5119665496133041,"B;J":0.36743819818125684,"H;F":0.7149326809417269,"D;J":0.06278308437933999,"H;E":0.156971300240736,"D;I":0.04616256569674554,"H;H":0.8666051646392737,"F;J":0.4963579581976269,"H;G":0.5193270648012589,"ARTIFICIAL-END;A":0.4501906407132627,"ARTIFICIAL-START;ARTIFICIAL-START":0.973298750672149,"H;J":0.3232559617008946,"H;I":0.2863376124939576,"E;ARTIFICIAL-END":0.5108489005069059,"J;J":0.7886021266110458,"ARTIFICIAL-START;G":0.03849529269155599,"I;ARTIFICIAL-START":0.3604052065455604,"A;t1":0.36396067172190305,"ARTIFICIAL-START;A":0.5735455732416882,"H;t1":0.2830008428957432,"H;ARTIFICIAL-START":0.16456466403615533,"H;ARTIFICIAL-END":0.5176391536078084,"C;ARTIFICIAL-END":0.30586695387349466,"A;A":0.7802047821365246,"A;C":0.007520704254720206,"C;C":0.013962383953531887,"I;ARTIFICIAL-END":0.4667638930315328,"A;E":0.22307205666714955,"D;t1":0.23118280176935724,"A;F":0.5321831309526777,"C;E":0.9951571121819831,"A;G":0.36598953270509504,"I;t1":0.25294834590760323,"C;G":0.6533383463947275,"E;E":0.9875413775604618,"B;ARTIFICIAL-START":0.4935147871842867,"A;I":0.0330724580532952,"C;F":0.1819226852514442,"C;I":0.2096910100625828,"G;E":0.19162059372968024,"A;J":0.08043253136880064,"I;E":0.09588619599638502,"G;G":0.4278959498484455,"B;ARTIFICIAL-END":0.24359894822548983,"G;F":0.3478053200236094,"C;J":0.3901154618677705,"E;t1":0.62443173530068,"I;G":0.2667563201011863,"I;F":0.34916085255394835,"E;J":0.3418383118085552,"I;I":0.5795278284312548,"G;J":0.3817229839751552,"I;J":0.41747976908059603,"E;ARTIFICIAL-START":0.4886341784341265}