{"t4;t4":0.6326864570834626,"t4;t3":0.27636349812079086,"t4;t7":0.024915077818377568,"F;ARTIFICIAL-END":0.08265423359902684,"ARTIFICIAL-END;ARTIFICIAL-END":0.892228358637039,"t1;t7":0.47593900464267136,"t2;I":0.5694467298513106,"t2;F":0.8390226349323162,"t2;E":0.3794557576533257,"C;ARTIFICIAL-START":0.599063401237282,"t2;G":0.1626998798636332,"t1;t1":0.8681067026973789,"B;t7":4.3728507426793814E-4,"t1;t3":0.06670884440337406,"t1;t2":0.035150525555979195,"B;t3":0.4579117308435617,"B;t4":0.5009316736632456,"t1;t4":0.09984515816418317,"B;A":0.5472043006207888,"B;t1":0.10842549887821835,"B;B":0.33230968787827475,"B;t2":0.003978304323019305,"B;C":0.45953203561351563,"B;D":0.029582735014083258,"B;E":0.021258789616447015,"B;F":0.16672556661020452,"F;A":0.694357547926884,"ARTIFICIAL-END;I":0.24718022849573046,"B;G":0.2636916041785865,"F;D":0.02423172539787101,"F;C":0.4458288396118822,"F;F":0.11297633701542453,"B;I":0.5834803512460883,"G;t3":0.18506340339441546,"F;I":0.21384525078496786,"ARTIFICIAL-START;ARTIFICIAL-START":0.9288013494928624,"G;t4":0.27819474885466394,"G;t7":0.10394061290044516,"A;ARTIFICIAL-START":0.2841411553568652,"ARTIFICIAL-START;I":0.48544531312836486,"H;t2":0.02743240293067856,"G;ARTIFICIAL-END":0.33617211467395886,"H;t1":0.20623236728876793,"t1;E":0.5020806898694378,"H;t4":0.29839574552070486,"H;t3":0.38813780569943945,"H;t7":0.4042839452553741,"G;ARTIFICIAL-START":0.007017353900115509,"t1;G":0.5149557985199098,"t1;F":0.13079816667835892,"t1;I":0.2657765344964615,"t3;t3":0.7281829018713767,"t3;t7":0.05978251972406814,"A;A":0.36063063836181586,"E;A":0.21873387590726337,"E;C":0.8261707824285995,"E;E":0.7083427137233334,"E;D":0.09225518135205218,"A;I":0.4538545901024127,"E;F":0.9590103572468472,"E;I":0.10716052032317523,"B;ARTIFICIAL-END":0.39758840996065803,"E;t3":0.1495252518706296,"I;I":0.8667511760776754,"E;t4":0.230136849627076,"E;t7":0.03648236817874783,"A;ARTIFICIAL-END":0.7106293100537252,"C;t7":0.29512631918635884,"C;t4":0.031418669885973076,"C;t3":0.23840169718608836,"C;t2":0.38508327965041156,"C;t1":0.31622023998848314,"D;ARTIFICIAL-START":0.34498847550104655,"ARTIFICIAL-END;ARTIFICIAL-START":0.5373161213089751,"F;t3":0.14639282226390227,"F;t4":0.11525827371664195,"F;t7":0.1366098151341849,"Label A;Label B":0.09957436894517388,"D;ARTIFICIAL-END":0.06311706030645414,"F;ARTIFICIAL-START":0.09788161445441518,"D;A":0.2507970230478841,"D;D":0.37645513539914555,"D;C":0.11154356013907814,"H;B":0.05838151726801665,"H;A":0.2516708566818448,"H;D":0.3443030999791944,"H;C":0.4539720914314798,"H;F":0.2061688282634446,"H;E":0.40977609365695006,"D;I":0.27279653472297555,"H;H":0.5434645313076822,"H;G":0.01291895897641038,"H;I":0.005031054068276326,"E;ARTIFICIAL-END":0.05326388177302399,"t2;t7":0.6482519324145798,"t2;t2":0.9226819088892397,"A;t7":0.12941941850456362,"A;t4":0.16454227542384264,"A;t2":0.14400541650527252,"t2;t3":0.3768777352563136,"A;t3":0.1101228453887342,"t2;t4":0.15368079015012567,"A;t1":0.14497959015908463,"H;ARTIFICIAL-START":0.5149824939816502,"H;ARTIFICIAL-END":0.12161616112819133,"C;ARTIFICIAL-END":0.62045258806037,"D;t7":0.10417538144136047,"t7;t7":0.9805096296648158,"C;A":0.5043525323662117,"D;t4":0.21693817738664278,"D;t3":0.07074217391364125,"C;C":0.47961587930333416,"D;t2":0.2823815151786996,"D;t1":0.4430889381523359,"G;A":0.1812943632163042,"G;C":0.02923170982061632,"B;ARTIFICIAL-START":0.13924090732246805,"G;E":0.5542973070254197,"C;I":0.4646541825529442,"I;t4":0.10629783912739624,"G;D":0.36695742583243857,"G;G":0.48317217157789616,"G;F":0.18100983743965615,"I;t3":0.13330980251642005,"G;I":0.15672028218321957,"I;t7":0.1995931822520333,"E;ARTIFICIAL-START":0.705454918903722}